National Park,State,Type,default_color
Abraham Lincoln Birthplace National Historical Park,Kentucky,National Historical Park,#339966
Acadia National Park,Maine,National Park,#003366
Adams National Historical Park,Massachusetts,National Historical Park,#003366
African Burial Ground National Monument,New York,National Monument,#003366
Agate Fossil Beds National Monument,Nebraska,National Monument,#FF9933
Alagnak Wild River,Alaska,Site,#9966CC
Alibates Flint Quarries National Monument,Texas,National Monument,#009999
Allegheny Portage Railroad National Historic Site,Pennsylvania,National Historic Site,#0066CC
Amache National Historic Site,Colorado,National Historic Site,#996633
Amistad National Recreation Area,Texas,National Recreation Area,#009999
Andersonville National Historic Site,Georgia,National Historic Site,#339966
Andrew Johnson National Historic Site,Tennessee,National Historic Site,#339966
Aniakchak National Monument,Alaska,National Monument,#9966CC
Aniakchak National Preserve,Alaska,National Preserve,#9966CC
Antietam National Battlefield,Maryland,National Battlefield,#0066CC
Apostle Islands National Lakeshore,Wisconsin,National Lakeshore,#FF9933
Appalachian National Scenic Trail,Maine to Georgia,National Scenic Trail,#000000
Appomattox Court House National Historical Park,Virginia,National Historical Park,#0066CC
Arches National Park,Utah,National Park,#996633
Arkansas Post National Memorial,Arkansas,National Memorial,#000000
Arlington House The Robert E. Lee Memorial,Virginia,Site,#0066CC
Assateague Island National Seashore,Maryland,National Seashore,#0066CC
Aztec Ruins National Monument,New Mexico,National Monument,#009999
Badlands National Park,South Dakota,National Park,#FF9933
Bandelier National Monument,New Mexico,National Monument,#009999
Belmont-Paul Womens Equality National Monument,District of Columbia,National Monument,#66CCFF
Bents Old Fort National Historic Site,Colorado,National Historic Site,#996633
Bering Land Bridge National Preserve,Alaska,National Preserve,#9966CC
Big Bend National Park,Texas,National Park,#009999
Big Cypress National Preserve,Florida,National Preserve,#339966
Big Hole National Battlefield,Montana,National Battlefield,#996633
Big South Fork National River and Recreation Area,Tennessee,National River,#339966
Big Thicket National Preserve,Texas,National Preserve,#009999
Bighorn Canyon National Recreation Area,Montana,National Recreation Area,#996633
Birmingham Civil Rights National Monument,Alabama,National Monument,#339966
Biscayne National Park,Florida,National Park,#339966
Black Canyon of the Gunnison National Park,Colorado,National Park,#996633
Blackstone River Valley National Historical Park,Rhode Island,National Historical Park,#003366
Blackwell School National Historic Site,Texas,National Historic Site,#009999
Blue Ridge Parkway,North Carolina,Site,#339966
Bluestone National Scenic River,West Virginia,National Scenic River,#0066CC
Booker T. Washington National Monument,Virginia,National Monument,#0066CC
Boston African American National Historic Site,Massachusetts,National Historic Site,#003366
Boston Harbor Islands National Recreation Area,Massachusetts,National Recreation Area,#003366
Boston National Historical Park,Massachusetts,National Historical Park,#003366
Brices Cross Roads National Battlefield Site,Mississippi,National Battlefield Site,#339966
Brown v. Board of Education National Historical Park,Kansas,National Historical Park,#FF9933
Bryce Canyon National Park,Utah,National Park,#996633
Buck Island Reef National Monument,Virgin Islands,National Monument,#000000
Buffalo National River,Arkansas,National River,#000000
Cabrillo National Monument,California,National Monument,#CC3333
Camp Nelson National Monument,Kentucky,National Monument,#339966
Canaveral National Seashore,Florida,National Seashore,#339966
Cane River Creole National Historical Park,Louisiana,National Historical Park,#000000
Canyon De Chelly National Monument,Arizona,National Monument,#009999
Canyonlands National Park,Utah,National Park,#996633
Cape Cod National Seashore,Massachusetts,National Seashore,#003366
Cape Hatteras National Seashore,North Carolina,National Seashore,#339966
Cape Krusenstern National Monument,Alaska,National Monument,#9966CC
Cape Lookout National Seashore,North Carolina,National Seashore,#339966
Capitol Reef National Park,Utah,National Park,#996633
Capulin Volcano National Monument,New Mexico,National Monument,#009999
Carl Sandburg Home National Historic Site,North Carolina,National Historic Site,#339966
Carlisle Federal Indian Boarding School National Monument,Pennsylvania,National Monument,#0066CC
Carlsbad Caverns National Park,New Mexico,National Park,#009999
Carter G. Woodson Home National Historic Site,District of Columbia,National Historic Site,#66CCFF
Casa Grande Ruins National Monument,Arizona,National Monument,#009999
Castillo de San Marcos National Monument,Florida,National Monument,#339966
Castle Clinton National Monument,New York,National Monument,#003366
Castle Mountains National Monument,California,National Monument,#CC3333
Catoctin Mountain Park,Maryland,Site,#0066CC
Cedar Breaks National Monument,Utah,National Monument,#996633
Cedar Creek and Belle Grove National Historical Park,Virginia,National Historical Park,#0066CC
Chaco Culture National Historical Park,New Mexico,National Historical Park,#009999
Chamizal National Memorial,Texas,National Memorial,#009999
Channel Islands National Park,California,National Park,#CC3333
Charles Pinckney National Historic Site,South Carolina,National Historic Site,#339966
Charles Young Buffalo Soldiers National Monument,Ohio,National Monument,#FF9933
Chattahoochee River National Recreation Area,Georgia,National Recreation Area,#339966
Chesapeake and Ohio Canal National Historical Park,Maryland,National Historical Park,#0066CC
Chickamauga & Chattanooga National Military Park,Georgia,National Military Park,#339966
Chickasaw National Recreation Area,Oklahoma,National Recreation Area,#009999
Chiricahua National Monument,Arizona,National Monument,#009999
Christiansted National Historic Site,Virgin Islands,National Historic Site,#000000
City of Rocks National Reserve,Idaho,National Reserve,#9966CC
Clara Barton National Historic Site,Maryland,National Historic Site,#0066CC
Colonial National Historical Park,Virginia,National Historical Park,#0066CC
Colorado National Monument,Colorado,National Monument,#996633
Congaree National Park,South Carolina,National Park,#339966
Constitution Gardens,District of Columbia,Site,#66CCFF
Coronado National Memorial,Arizona,National Memorial,#009999
Cowpens National Battlefield,South Carolina,National Battlefield,#339966
Crater Lake National Park,Oregon,National Park,#9966CC
Craters of the Moon National Monument,Idaho,National Monument,#9966CC
Craters of the Moon National Preserve,Idaho,National Preserve,#9966CC
Cumberland Gap National Historical Park,Kentucky,National Historical Park,#339966
Cumberland Island National Seashore,Georgia,National Seashore,#339966
Curecanti National Recreation Area,Colorado,National Recreation Area,#996633
Cuyahoga Valley National Park,Ohio,National Park,#FF9933
César E. Chávez National Monument,California,National Monument,#CC3333
Dayton Aviation Heritage National Historical Park,Ohio,National Historical Park,#FF9933
De Soto National Memorial,Florida,National Memorial,#339966
Death Valley National Park,California,National Park,#CC3333
Delaware Water Gap National Recreation Area,New Jersey,National Recreation Area,#003366
Denali National Park,Alaska,National Park,#9966CC
Denali National Preserve,Alaska,National Preserve,#9966CC
Devils Postpile National Monument,California,National Monument,#CC3333
Devils Tower National Monument,Wyoming,National Monument,#996633
Dinosaur National Monument,Colorado,National Monument,#996633
Dry Tortugas National Park,Florida,National Park,#339966
Dwight D. Eisenhower Memorial,District of Columbia,Site,#66CCFF
Ebeys Landing National Historical Reserve,Washington,National Historical Reserve,#9966CC
Edgar Allan Poe National Historic Site,Pennsylvania,National Historic Site,#0066CC
Effigy Mounds National Monument,Iowa,National Monument,#FF9933
Eisenhower National Historic Site,Pennsylvania,National Historic Site,#0066CC
El Malpais National Monument,New Mexico,National Monument,#009999
El Morro National Monument,New Mexico,National Monument,#009999
Eleanor Roosevelt National Historic Site,New York,National Historic Site,#003366
Emmett Till and Mamie Till-Mobley National Monument,Illinois,National Monument,#FF9933
Eugene ONeill National Historic Site,California,National Historic Site,#CC3333
Everglades National Park,Florida,National Park,#339966
Federal Hall National Memorial,New York,National Memorial,#003366
Fire Island National Seashore,New York,National Seashore,#003366
First Ladies National Historic Site,Ohio,National Historic Site,#FF9933
First State National Historical Park,Delaware,National Historical Park,#0066CC
Flight 93 National Memorial,Pennsylvania,National Memorial,#0066CC
Florissant Fossil Beds National Monument,Colorado,National Monument,#996633
Fords Theatre National Historic Site,District of Columbia,National Historic Site,#66CCFF
Fort Bowie National Historic Site,Arizona,National Historic Site,#009999
Fort Caroline National Memorial,Florida,National Memorial,#339966
Fort Davis National Historic Site,Texas,National Historic Site,#009999
Fort Donelson National Battlefield,Tennessee,National Battlefield,#339966
Fort Frederica National Monument,Georgia,National Monument,#339966
Fort Laramie National Historic Site,Wyoming,National Historic Site,#996633
Fort Larned National Historic Site,Kansas,National Historic Site,#FF9933
Fort Matanzas National Monument,Florida,National Monument,#339966
Fort McHenry National Monument and Historic Shrine,Maryland,National Monument,#0066CC
Fort Monroe National Monument,Virginia,National Monument,#0066CC
Fort Necessity National Battlefield,Pennsylvania,National Battlefield,#0066CC
Fort Point National Historic Site,California,National Historic Site,#CC3333
Fort Pulaski National Monument,Georgia,National Monument,#339966
Fort Raleigh National Historic Site,North Carolina,National Historic Site,#339966
Fort Scott National Historic Site,Kansas,National Historic Site,#FF9933
Fort Smith National Historic Site,Arkansas,National Historic Site,#000000
Fort Stanwix National Monument,New York,National Monument,#003366
Fort Sumter and Fort Moultrie National Historical Park,South Carolina,National Historical Park,#339966
Fort Union National Monument,New Mexico,National Monument,#009999
Fort Union Trading Post National Historic Site,North Dakota,National Historic Site,#FF9933
Fort Vancouver National Historic Site,Washington,National Historic Site,#9966CC
Fort Washington Park,Maryland,Site,#0066CC
Fossil Butte National Monument,Wyoming,National Monument,#996633
Frances Perkins National Monument,Maine,National Monument,#003366
Franklin D. Roosevelt Memorial,District of Columbia,Site,#66CCFF
Frederick Douglass National Historic Site,District of Columbia,National Historic Site,#66CCFF
Frederick Law Olmsted National Historic Site,Massachusetts,National Historic Site,#003366
Fredericksburg and Spotsylvania National Military Park,Virginia,National Military Park,#0066CC
Freedom Riders National Monument,Alabama,National Monument,#339966
Friendship Hill National Historic Site,Pennsylvania,National Historic Site,#0066CC
Gates of the Arctic National Park,Alaska,National Park,#9966CC
Gates of the Arctic National Preserve,Alaska,National Preserve,#9966CC
Gateway Arch National Park,Missouri,National Park,#FF9933
Gateway National Recreation Area,New York,National Recreation Area,#003366
Gauley River National Recreation Area,West Virginia,National Recreation Area,#0066CC
General Grant National Memorial,New York,National Memorial,#003366
George Rogers Clark National Historical Park,Indiana,National Historical Park,#FF9933
George Washington Birthplace National Monument,Virginia,National Monument,#0066CC
George Washington Carver National Monument,Missouri,National Monument,#FF9933
George Washington Memorial Parkway,Virginia,Site,#0066CC
Gettysburg National Military Park,Pennsylvania,National Military Park,#0066CC
Gila Cliff Dwellings National Monument,New Mexico,National Monument,#009999
Glacier Bay National Park,Alaska,National Park,#9966CC
Glacier Bay National Preserve,Alaska,National Preserve,#9966CC
Glacier National Park,Montana,National Park,#996633
Glen Canyon National Recreation Area,Arizona,National Recreation Area,#009999
Golden Gate National Recreation Area,California,National Recreation Area,#CC3333
Golden Spike National Historical Park,Utah,National Historical Park,#996633
Governors Island National Monument,New York,National Monument,#003366
Grand Canyon National Park,Arizona,National Park,#009999
Grand Portage National Monument,Minnesota,National Monument,#FF9933
Grand Teton National Park,Wyoming,National Park,#996633
Grant-Kohrs Ranch National Historic Site,Montana,National Historic Site,#996633
Great Basin National Park,Nevada,National Park,#CC3333
Great Egg Harbor Scenic and Recreational River,New Jersey,Site,#003366
Great Sand Dunes National Park,Colorado,National Park,#996633
Great Sand Dunes National Preserve,Colorado,National Preserve,#996633
Great Smoky Mountains National Park,Tennessee,National Park,#339966
Greenbelt Park,Maryland,Site,#0066CC
Guadalupe Mountains National Park,Texas,National Park,#009999
Guilford Courthouse National Military Park,North Carolina,National Military Park,#339966
Gulf Islands National Seashore,Florida,National Seashore,#339966
Hagerman Fossil Beds National Monument,Idaho,National Monument,#9966CC
Haleakala National Park,Hawaii,National Park,#CC3333
Hamilton Grange National Memorial,New York,National Memorial,#003366
Hampton National Historic Site,Maryland,National Historic Site,#0066CC
Harpers Ferry National Historical Park,West Virginia,National Historical Park,#0066CC
Harriet Tubman National Historical Park,New York,National Historical Park,#003366
Harriet Tubman Underground Railroad National Historical Park,Maryland,National Historical Park,#0066CC
Harry S Truman National Historic Site,Missouri,National Historic Site,#FF9933
Hawaii Volcanoes National Park,Hawaii,National Park,#CC3333
Herbert Hoover National Historic Site,Iowa,National Historic Site,#FF9933
Hohokam Pima National Monument,Arizona,National Monument,#009999
Home of Franklin D. Roosevelt National Historic Site,New York,National Historic Site,#003366
Homestead National Historical Park,Nebraska,National Historical Park,#FF9933
Honouliuli National Historic Site,Hawaii,National Historic Site,#CC3333
Hopewell Culture National Historical Park,Ohio,National Historical Park,#FF9933
Hopewell Furnace National Historic Site,Pennsylvania,National Historic Site,#0066CC
Horseshoe Bend National Military Park,Alabama,National Military Park,#339966
Hot Springs National Park,Arkansas,National Park,#000000
Hovenweep National Monument,Colorado,National Monument,#996633
Hubbell Trading Post National Historic Site,Arizona,National Historic Site,#009999
Ice Age National Scenic Trail,Wisconsin,National Scenic Trail,#FF9933
Independence National Historical Park,Pennsylvania,National Historical Park,#0066CC
Indiana Dunes National Park,Indiana,National Park,#FF9933
Isle Royale National Park,Michigan,National Park,#FF9933
James A. Garfield National Historic Site,Ohio,National Historic Site,#FF9933
Jean Lafitte National Historical Park and Preserve,Louisiana,National Historical Park,#000000
Jefferson Memorial,District of Columbia,Site,#66CCFF
Jewel Cave National Monument,South Dakota,National Monument,#FF9933
Jimmy Carter National Historical Park,Georgia,National Historical Park,#339966
John D. Rockefeller Jr. Memorial Parkway,Wyoming,Site,#996633
John Day Fossil Beds National Monument,Oregon,National Monument,#9966CC
John F. Kennedy National Historic Site,Massachusetts,National Historic Site,#003366
John Muir National Historic Site,California,National Historic Site,#CC3333
Johnstown Flood National Memorial,Pennsylvania,National Memorial,#0066CC
Joshua Tree National Park,California,National Park,#CC3333
Kalaupapa National Historical Park,Hawaii,National Historical Park,#CC3333
Kaloko-Honokohau National Historical Park,Hawaii,National Historical Park,#CC3333
Katahdin Woods and Waters National Monument,Maine,National Monument,#003366
Katmai National Park,Alaska,National Park,#9966CC
Katmai National Preserve,Alaska,National Preserve,#9966CC
Kenai Fjords National Park,Alaska,National Park,#9966CC
Kennesaw Mountain National Battlefield Park,Georgia,National Battlefield Park,#339966
Keweenaw National Historical Park,Michigan,National Historical Park,#FF9933
Kings Canyon National Park,California,National Park,#CC3333
Kings Mountain National Military Park,South Carolina,National Military Park,#339966
Klondike Gold Rush National Historical Park,Alaska,National Historical Park,#9966CC
Knife River Indian Villages National Historic Site,North Dakota,National Historic Site,#FF9933
Kobuk Valley National Park,Alaska,National Park,#9966CC
Korean War Veterans Memorial,District of Columbia,Site,#66CCFF
Lake Chelan National Recreation Area,Washington,National Recreation Area,#9966CC
Lake Clark National Park,Alaska,National Park,#9966CC
Lake Clark National Preserve,Alaska,National Preserve,#9966CC
Lake Mead National Recreation Area,Nevada,National Recreation Area,#CC3333
Lake Meredith National Recreation Area,Texas,National Recreation Area,#009999
Lake Roosevelt National Recreation Area,Washington,National Recreation Area,#9966CC
Lassen Volcanic National Park,California,National Park,#CC3333
Lava Beds National Monument,California,National Monument,#CC3333
Lewis and Clark National Historical Park,Oregon,National Historical Park,#9966CC
Lincoln Boyhood National Memorial,Indiana,National Memorial,#FF9933
Lincoln Home National Historic Site,Illinois,National Historic Site,#FF9933
Lincoln Memorial,District of Columbia,Site,#66CCFF
Little Bighorn Battlefield National Monument,Montana,National Monument,#996633
Little River Canyon National Preserve,Alabama,National Preserve,#339966
Little Rock Central High School National Historic Site,Arkansas,National Historic Site,#000000
Longfellow House–Washingtons Headquarters National Historic Site,Massachusetts,National Historic Site,#003366
Lowell National Historical Park,Massachusetts,National Historical Park,#003366
Lyndon B. Johnson National Historical Park,Texas,National Historical Park,#009999
Lyndon Baines Johnson Memorial Grove on the Potomac,District of Columbia,Site,#66CCFF
Maggie L. Walker National Historic Site,Virginia,National Historic Site,#0066CC
Mammoth Cave National Park,Kentucky,National Park,#339966
Manassas National Battlefield Park,Virginia,National Battlefield Park,#0066CC
Manhattan Project National Historical Park,New Mexico,National Historical Park,#009999
Manzanar National Historic Site,California,National Historic Site,#CC3333
Marsh-Billings-Rockefeller National Historical Park,Vermont,National Historical Park,#003366
Martin Luther King Jr. National Historical Park,Georgia,National Historical Park,#339966
Martin Luther King Jr. Memorial,District of Columbia,Site,#66CCFF
Martin Van Buren National Historic Site,New York,National Historic Site,#003366
Mary McLeod Bethune Council House National Historic Site,District of Columbia,National Historic Site,#66CCFF
Medgar and Myrlie Evers Home National Monument,Mississippi,National Monument,#339966
Mesa Verde National Park,Colorado,National Park,#996633
Middle Delaware National Scenic River,Pennsylvania,National Scenic River,#0066CC
Mill Springs Battlefield National Monument,Kentucky,National Monument,#339966
Minidoka National Historic Site,Idaho,National Historic Site,#9966CC
Minute Man National Historical Park,Massachusetts,National Historical Park,#003366
Minuteman Missile National Historic Site,South Dakota,National Historic Site,#FF9933
Mississippi National River and Recreation Area,Minnesota,National River,#FF9933
Missouri National Recreational River,Nebraska,National Recreational River,#FF9933
Mojave National Preserve,California,National Preserve,#CC3333
Monocacy National Battlefield,Maryland,National Battlefield,#0066CC
Montezuma Castle National Monument,Arizona,National Monument,#009999
Moores Creek National Battlefield,North Carolina,National Battlefield,#339966
Morristown National Historical Park,New Jersey,National Historical Park,#003366
Mount Rainier National Park,Washington,National Park,#9966CC
Mount Rushmore National Memorial,South Dakota,National Memorial,#FF9933
Muir Woods National Monument,California,National Monument,#CC3333
Natchez National Historical Park,Mississippi,National Historical Park,#339966
Natchez Trace National Scenic Trail,Mississippi,National Scenic Trail,#339966
Natchez Trace Parkway,Mississippi,Site,#339966
National Capital Parks-East,District of Columbia,National Capital Parks,#66CCFF
National Mall and Memorial Parks,District of Columbia,National Mall,#66CCFF
National Park of American Samoa,American Samoa,National Park,#000000
Natural Bridges National Monument,Utah,National Monument,#996633
Navajo National Monument,Arizona,National Monument,#009999
New Bedford Whaling National Historical Park,Massachusetts,National Historical Park,#003366
New England National Scenic Trail,Connecticut,National Scenic Trail,#003366
New Orleans Jazz National Historical Park,Louisiana,National Historical Park,#000000
New Philadelphia National Historic Site,Illinois,National Historic Site,#FF9933
New River Gorge National Park and Preserve,West Virginia,National Park,#0066CC
Nez Perce National Historical Park,Idaho,National Historical Park,#9966CC
Nicodemus National Historic Site,Kansas,National Historic Site,#FF9933
Ninety Six National Historic Site,South Carolina,National Historic Site,#339966
Niobrara National Scenic River,Nebraska,National Scenic River,#FF9933
Noatak National Preserve,Alaska,National Preserve,#9966CC
North Cascades National Park,Washington,National Park,#9966CC
North Country National Scenic Trail,Michigan,National Scenic Trail,#FF9933
Obed Wild and Scenic River,Tennessee,Site,#339966
Ocmulgee Mounds National Historical Park,Georgia,National Historical Park,#339966
Olympic National Park,Washington,National Park,#9966CC
Oregon Caves National Monument and Preserve,Oregon,National Monument,#9966CC
Organ Pipe Cactus National Monument,Arizona,National Monument,#009999
Ozark National Scenic Riverways,Missouri,National Scenic Riverways,#FF9933
Padre Island National Seashore,Texas,National Seashore,#009999
Palo Alto Battlefield National Historical Park,Texas,National Historical Park,#009999
Paterson Great Falls National Historical Park,New Jersey,National Historical Park,#003366
Pea Ridge National Military Park,Arkansas,National Military Park,#000000
Pearl Harbor National Memorial,Hawaii,National Memorial,#CC3333
Pecos National Historical Park,New Mexico,National Historical Park,#009999
Pennsylvania Avenue National Historic Site,District of Columbia,National Historic Site,#66CCFF
Perrys Victory and International Peace Memorial,Ohio,Site,#FF9933
Petersburg National Battlefield,Virginia,National Battlefield,#0066CC
Petrified Forest National Park,Arizona,National Park,#009999
Petroglyph National Monument,New Mexico,National Monument,#009999
Pictured Rocks National Lakeshore,Michigan,National Lakeshore,#FF9933
Pinnacles National Park,California,National Park,#CC3333
Pipe Spring National Monument,Arizona,National Monument,#009999
Pipestone National Monument,Minnesota,National Monument,#FF9933
Piscataway Park,Maryland,Site,#0066CC
Point Reyes National Seashore,California,National Seashore,#CC3333
Port Chicago Naval Magazine National Memorial,California,National Memorial,#CC3333
Potomac Heritage National Scenic Trail,Maryland,National Scenic Trail,#0066CC
Poverty Point National Monument,Louisiana,National Monument,#000000
President William Jefferson Clinton Birthplace Home National Historic Site,Arkansas,National Historic Site,#000000
Prince William Forest Park,Virginia,Site,#0066CC
Pullman National Historical Park,Illinois,National Historical Park,#FF9933
Puuhonua O Honaunau National Historical Park,Hawaii,National Historical Park,#CC3333
Puukohola Heiau National Historic Site,Hawaii,National Historic Site,#CC3333
Rainbow Bridge National Monument,Utah,National Monument,#996633
Reconstruction Era National Historical Park,South Carolina,National Historical Park,#339966
Redwood National Park,California,National Park,#CC3333
Richmond National Battlefield Park,Virginia,National Battlefield Park,#0066CC
Rio Grande Wild and Scenic River,Texas,Site,#009999
River Raisin National Battlefield Park,Michigan,National Battlefield Park,#FF9933
Rock Creek Park,District of Columbia,Site,#66CCFF
Rocky Mountain National Park,Colorado,National Park,#996633
Roger Williams National Memorial,Rhode Island,National Memorial,#003366
Rosie the Riveter World War II Home Front National Historical Park,California,National Historical Park,#CC3333
Ross Lake National Recreation Area,Washington,National Recreation Area,#9966CC
Russell Cave National Monument,Alabama,National Monument,#339966
Sagamore Hill National Historic Site,New York,National Historic Site,#003366
Saguaro National Park,Arizona,National Park,#009999
Saint Croix Island International Historic Site,Maine,Site,#003366
Saint Croix National Scenic Riverway,Wisconsin,National Scenic Riverway,#FF9933
Saint Pauls Church National Historic Site,New York,National Historic Site,#003366
Saint-Gaudens National Historical Park,New Hampshire,National Historical Park,#003366
Salem Maritime National Historic Site,Massachusetts,National Historic Site,#003366
Salinas Pueblo Missions National Monument,New Mexico,National Monument,#009999
Salt River Bay National Historical Park and Ecological Preserve,Virgin Islands,National Historical Park,#000000
San Antonio Missions National Historical Park,Texas,National Historical Park,#009999
San Francisco Maritime National Historical Park,California,National Historical Park,#CC3333
San Juan Island National Historical Park,Washington,National Historical Park,#9966CC
San Juan National Historic Site,Puerto Rico,National Historic Site,#000000
Sand Creek Massacre National Historic Site,Colorado,National Historic Site,#996633
Santa Monica Mountains National Recreation Area,California,National Recreation Area,#CC3333
Saratoga National Historical Park,New York,National Historical Park,#003366
Saugus Iron Works National Historic Site,Massachusetts,National Historic Site,#003366
Scotts Bluff National Monument,Nebraska,National Monument,#FF9933
Sequoia National Park,California,National Park,#CC3333
Shenandoah National Park,Virginia,National Park,#0066CC
Shiloh National Military Park,Tennessee,National Military Park,#339966
Sitka National Historical Park,Alaska,National Historical Park,#9966CC
Sleeping Bear Dunes National Lakeshore,Michigan,National Lakeshore,#FF9933
Springfield 1908 Race Riot National Monument,Illinois,National Monument,#FF9933
Springfield Armory National Historic Site,Massachusetts,National Historic Site,#003366
Statue of Liberty National Monument,New York,National Monument,#003366
Ste. Genevieve National Historical Park,Missouri,National Historical Park,#FF9933
Steamtown National Historic Site,Pennsylvania,National Historic Site,#0066CC
Stones River National Battlefield,Tennessee,National Battlefield,#339966
Stonewall National Monument,New York,National Monument,#003366
Sunset Crater Volcano National Monument,Arizona,National Monument,#009999
Tallgrass Prairie National Preserve,Kansas,National Preserve,#FF9933
Thaddeus Kosciuszko National Memorial,Pennsylvania,National Memorial,#0066CC
Theodore Roosevelt Birthplace National Historic Site,New York,National Historic Site,#003366
Theodore Roosevelt Inaugural National Historic Site,New York,National Historic Site,#003366
Theodore Roosevelt Island,District of Columbia,Site,#66CCFF
Theodore Roosevelt National Park,North Dakota,National Park,#FF9933
Thomas Edison National Historical Park,New Jersey,National Historical Park,#003366
Thomas Stone National Historic Site,Maryland,National Historic Site,#0066CC
Timpanogos Cave National Monument,Utah,National Monument,#996633
Timucuan Ecological and Historic Preserve,Florida,Site,#339966
Tonto National Monument,Arizona,National Monument,#009999
Tule Lake National Monument,California,National Monument,#CC3333
Tule Springs Fossil Beds National Monument,Nevada,National Monument,#CC3333
Tumacacori National Historical Park,Arizona,National Historical Park,#009999
Tupelo National Battlefield,Mississippi,National Battlefield,#339966
Tuskegee Airmen National Historic Site,Alabama,National Historic Site,#339966
Tuskegee Institute National Historic Site,Alabama,National Historic Site,#339966
Tuzigoot National Monument,Arizona,National Monument,#009999
Ulysses S. Grant National Historic Site,Missouri,National Historic Site,#FF9933
Upper Delaware Scenic and Recreational River,Pennsylvania,Site,#0066CC
Valles Caldera National Preserve,New Mexico,National Preserve,#009999
Valley Forge National Historical Park,Pennsylvania,National Historical Park,#0066CC
Vanderbilt Mansion National Historic Site,New York,National Historic Site,#003366
Vicksburg National Military Park,Mississippi,National Military Park,#339966
Vietnam Veterans Memorial,District of Columbia,Site,#66CCFF
Virgin Islands Coral Reef National Monument,Virgin Islands,National Monument,#000000
Virgin Islands National Park,Virgin Islands,National Park,#000000
Voyageurs National Park,Minnesota,National Park,#FF9933
Waco Mammoth National Monument,Texas,National Monument,#009999
Walnut Canyon National Monument,Arizona,National Monument,#009999
War in the Pacific National Historical Park,Guam,National Historical Park,#000000
Washington Monument,District of Columbia,Site,#66CCFF
Washita Battlefield National Historic Site,Oklahoma,National Historic Site,#009999
Weir Farm National Historical Park,Connecticut,National Historical Park,#003366
Whiskeytown-Shasta-Trinity National Recreation Area,California,National Recreation Area,#CC3333
White House and Presidents Park,District of Columbia,Site,#66CCFF
White Sands National Park,New Mexico,National Park,#009999
Whitman Mission National Historic Site,Washington,National Historic Site,#9966CC
William Howard Taft National Historic Site,Ohio,National Historic Site,#FF9933
Wilsons Creek National Battlefield,Missouri,National Battlefield,#FF9933
Wind Cave National Park,South Dakota,National Park,#FF9933
Wolf Trap National Park for the Performing Arts,Virginia,National Park,#0066CC
Womens Rights National Historical Park,New York,National Historical Park,#003366
World War I Memorial,District of Columbia,Site,#66CCFF
World War II Memorial,District of Columbia,Site,#66CCFF
Wrangell-St. Elias National Park,Alaska,National Park,#9966CC
Wrangell-St. Elias National Preserve,Alaska,National Preserve,#9966CC
Wright Brothers National Memorial,North Carolina,National Memorial,#339966
Wupatki National Monument,Arizona,National Monument,#009999
Yellowstone National Park,Wyoming,National Park,#996633
Yosemite National Park,California,National Park,#CC3333
Yucca House National Monument,Colorado,National Monument,#996633
Yukon-Charley Rivers National Preserve,Alaska,National Preserve,#9966CC
Zion National Park,Utah,National Park,#996633
